,Open,Predictions
26,20163.0,20499.9320494495
27,20211.0,20637.363800606916
28,21150.0,20521.528467488522
29,21283.0,20437.10610606325
30,20907.0,20433.833921511883
