,Open,Predictions
26,20163.0,20713.90570080123
27,20211.0,20868.525430785754
28,21150.0,20738.20308694166
29,21283.0,20643.222395665456
30,20907.0,20639.540973522962
